Energy,Time
626407061,5.004153
626495716,5.002410
702002380,5.002342
662950531,5.002289
668898627,5.002288
652335797,5.002517
909859328,5.002218
710726511,5.019046
627336803,5.002262
625786048,5.002231
