Energy,Time
601878965,5.002390
602309121,5.002393
601870897,5.002407
602425890,5.002353
602746379,5.002338
602633413,5.002300
602612516,5.002626
602832296,5.002597
604807204,5.002551
604133700,5.002367

